Date_T0,Code,Name,Price_T0,Date_T1,Price_T1,Return_Pct,AI_Reason
2026-03-07,600410,华胜天成,29.73,2026-03-08,29.73,0.0,[🆘 盲抓防守底仓 (API故障/无及格)] 今日涨幅4.87%领跑备选池，属于典型的强势动能股。AI软件板块近期活跃，该股形态上呈现放量突破态势，次日早盘惯性高开概率极大，适合作为套利首选。
2026-03-07,547,航天发展,32.66,2026-03-08,32.66,0.0,[🆘 盲抓防守底仓 (API故障/无及格)] 涨幅3.32%显示资金流入迹象明显。军工信息化背景具备避险属性，在宏观环境不确定时易受短线资金青睐，K线形态稳健，具备隔夜套利的安全边际。
2026-03-07,2384,东山精密,95.45,2026-03-08,95.45,0.0,[🆘 盲抓防守底仓 (API故障/无及格)] 作为消费电子与PCB龙头，2.97%的涨幅属于温和放量。受益于降息后的成长股估值修复预期，筹码结构相对稳固，适合博弈次日早盘的板块联动溢价。
2026-03-07,2195,岩山科技,10.76,2026-03-08,10.76,0.0,[🆘 盲抓防守底仓 (API故障/无及格)] 低价股代表，今日小幅收涨0.66%，处于底部震荡区间。在市场情绪回暖时，低价AI概念股易出现补涨脉冲，下行风险极小，是极佳的防守型套利品种。
2026-03-07,300502,新易盛,402.0,2026-03-08,402.0,0.0,[🆘 盲抓防守底仓 (API故障/无及格)] CPO核心权重，虽然涨幅仅0.19%，但高价股的横盘往往是蓄势表现。作为行业风向标，只要板块不崩，其流动性足以支撑平稳兑现，适合大资金避险。
2026-03-08,300502,新易盛,402.0,2026-03-08,402.0,0.0,[🆘 盲抓防守底仓 (API故障/无及格)] CPO核心权重，机构与游资共振标的。今日微涨蓄势，作为AI硬件端领头羊，隔夜溢价预期极高。
2026-03-08,600410,华胜天成,29.73,2026-03-08,29.73,0.0,[🆘 盲抓防守底仓 (API故障/无及格)] AI计算力人气标的，今日涨幅近5%显示有活跃资金介入，形态上属于突破后的回踩确认，具备隔夜套利动能。
2026-03-08,2384,东山精密,95.45,2026-03-08,95.45,0.0,[🆘 盲抓防守底仓 (API故障/无及格)] 消费电子核心供应商，近期筹码交换充分。在降息利好成长股背景下，该股作为果链龙头易获资金回补。
2026-03-08,547,航天发展,32.66,2026-03-08,32.66,0.0,[🆘 盲抓防守底仓 (API故障/无及格)] 军工信息化代表，今日放量上涨3.32%，处于低位反弹初期，安全性极高，适合作为防守型套利品种。
2026-03-08,2195,岩山科技,10.76,2026-03-08,10.76,0.0,[🆘 盲抓防守底仓 (API故障/无及格)] 低价AI+互联网标的，股性活跃。今日小幅收涨，筹码结构稳定，易受短线游资突袭拉升赚取溢价。
2026-03-08,600410,华胜天成,29.73,2026-03-08,29.73,0.0,[🆘 盲抓防守底仓 (API大故障)] AI计算力人气标的，今日涨幅领先且站稳均线，尾盘有资金抢筹迹象，次日早盘具备高开冲高动能。
2026-03-08,600875,东方电气,44.22,2026-03-08,44.22,0.0,[🆘 盲抓防守底仓 (API大故障)] 能源装备核心，受降息利好及电力设备更新预期驱动，K线形态呈现多头排列，溢价概率高。
2026-03-08,547,航天发展,32.66,2026-03-08,32.66,0.0,[🆘 盲抓防守底仓 (API大故障)] 军工信息化代表，低位放量反弹，3.32%的涨幅显示筹码开始松动上行，适合隔夜套利博取补涨。
2026-03-08,2384,东山精密,95.45,2026-03-08,95.45,0.0,[🆘 盲抓防守底仓 (API大故障)] 消费电子核心供应商，股价处于高位震荡后的突破边缘，机构与游资共振明显，次日惯性上攻可期。
2026-03-08,2195,岩山科技,10.76,2026-03-08,10.76,0.0,[🆘 盲抓防守底仓 (API大故障)] 低价AI+互联网标的，涨幅虽小但回撤风险极低，属于典型的安全垫套利品种，博取早盘1%左右的脉冲。
2026-03-08,300468,四方精创,37.06,2026-03-08,37.06,0.0,[🩸 日线优良+红盘防守] 金融科技高弹性标的，涨幅在备选池中领先，K线形态呈现突破态势，降息利好成长股估值修复，隔夜溢价高。
2026-03-08,600309,万华化学,93.0,2026-03-08,93.0,0.0,[🩸 日线优良+红盘防守] 化工行业核心资产，得分70。受降息带来的原材料成本及融资利好，机构资金回流明显，日线级别稳健，适合大资金套利。
2026-03-08,601669,中国电建,5.96,2026-03-08,5.96,0.0,[🩸 日线优良+红盘防守] 得分70。低价股具备群众基础，基建+绿能逻辑符合宏观避险需求，尾盘红盘防守坚决，次日早盘惯性冲高概率大。
2026-03-08,600989,宝丰能源,28.63,2026-03-08,28.63,0.0,[🩸 日线优良+红盘防守] 当日涨幅5.3%为池内最强，能量释放充分。紧贴宏观能源逻辑，属于典型的强势股隔夜套利形态，博取流动性溢价。
2026-03-08,300750,宁德时代,354.77,2026-03-08,354.77,0.0,[🩸 日线优良+红盘防守] 创业板指风向标，降息周期下核心成长资产的首选。虽然得分稍低，但作为流动性最强的定海神针，是确保撤退安全的底牌。
2026-03-08,600989,宝丰能源,28.63,2026-03-08,28.63,0.0,[🩸 日线优良+红盘防守] 池内涨幅第一（5.3%），具备最强动能惯性。宏观逻辑支撑能源板块，作为行业龙头，在数据缺失时是资金抱团的首选。
2026-03-08,300468,四方精创,37.06,2026-03-08,37.06,0.0,[🩸 日线优良+红盘防守] 创业板高弹性标的，涨幅居前。金融科技属性在降息周期下极具进攻性，300系列适合超短线隔夜套利博取高溢价。
2026-03-08,600309,万华化学,93.0,2026-03-08,93.0,0.0,[🩸 日线优良+红盘防守] 化工行业绝对核心资产，得分70。今日放量上涨站稳均线，作为机构与游资共振标的，次日具备极强的流动性保障。
2026-03-08,601669,中国电建,5.96,2026-03-08,5.96,0.0,[🩸 日线优良+红盘防守] 低价股具备广泛群众基础，得分70。基建+能源双属性，在宏观利好刺激下，5元价位筹码牢固，适合作为防御性套利品种。
2026-03-08,300750,宁德时代,354.77,2026-03-08,354.77,0.0,[🩸 日线优良+红盘防守] 创业板定海神针。虽然今日涨幅偏小，但在降息逻辑下，它是承接外资与大资金回归的核心桶，是确保次日能随时撤退的终极底牌。
2026-03-08,600885,宏发股份,33.03,2026-03-09,32.09,-2.85,[🩸 日线优良+红盘防守] 池内涨幅第一（4.26%），具备最强动能惯性。在数据异常时，最强标的是唯一的避风港，预期次日高开溢价。
2026-03-08,600426,华鲁恒升,40.9,2026-03-09,41.28,0.93,[🩸 日线优良+红盘防守] 涨幅紧随其后（4.15%），化工行业核心标的。受宏观能源逻辑支撑，资金介入程度深，次日具备流动性撤退空间。
2026-03-08,601216,君正集团,6.33,2026-03-09,6.41,1.26,[🩸 日线优良+红盘防守] 中价位标的，涨幅3.94%表现稳健。日线形态处于加速区，尾盘虽解析异常，但红盘强度足以支撑隔夜情绪。
2026-03-08,603077,和邦生物,2.9,2026-03-09,2.86,-1.38,[🩸 日线优良+红盘防守] 低价股代表，具备极强的群众基础和流动性。3.94%的涨幅配合低价优势，极易在早盘触发散户接力冲高。
2026-03-08,300827,上能电气,38.83,2026-03-09,40.2,3.53,[🩸 日线优良+红盘防守] 创业板高弹性标的，虽然涨幅在池内垫底，但其20CM的属性在情绪转暖时具备最强的反弹爆发力，适合作为进攻侧翼。
2026-03-09,600674,川投能源,15.97,2026-03-09,15.88,-0.56,[🎯 完美形态+尾盘爆买] 系统物理防线生成。综合得分: 90，尾盘状态: 极度抢筹 (28.5%)。
2026-03-09,600312,平高电气,25.02,2026-03-09,25.03,0.04,[🎯 完美形态+尾盘爆买] 系统物理防线生成。综合得分: 75，尾盘状态: 极度抢筹 (23.5%)。
2026-03-09,600186,莲花控股,6.52,2026-03-09,6.6,1.23,[🛡️ 稳健多头+资金流入] 系统物理防线生成。综合得分: 75，尾盘状态: 温和流入 (15.4%)。
2026-03-09,600131,国网信通,22.35,2026-03-09,22.4,0.22,[🩸 日线优良+红盘防守] 系统物理防线生成。综合得分: 70，尾盘状态: 解析异常。
2026-03-09,300427,红相股份,15.78,2026-03-09,15.85,0.44,[🩸 日线优良+红盘防守] 系统物理防线生成。综合得分: 70，尾盘状态: 解析异常。
2026-03-09,300900,广联航空,40.6,2026-03-09,40.44,-0.39,[🩸 日线优良+红盘防守] 当日备选池涨幅冠军，创业板弹性标的。在数据解析异常时，最强动能即是唯一的安全感，博取次日惯性冲高。
2026-03-09,930,中粮科技,7.34,2026-03-09,7.54,2.72,[🩸 日线优良+红盘防守] 涨幅紧随其后，日线形态呈现多头排列，且属于农业/生物质能题材，具备宏观逻辑支撑，尾盘动能维持良好。
2026-03-09,600732,爱旭股份,15.47,2026-03-09,15.29,-1.16,[🩸 日线优良+红盘防守] 光伏赛道超跌反弹先锋，虽然尾盘无异动，但2.58%的涨幅在池中属于强势梯队，筹码结构经历长期出清，反弹阻力小。
2026-03-09,600930,华电新能,6.07,2026-03-09,6.16,1.48,[🩸 日线优良+红盘防守] 虽涨幅略逊，但作为新能核心标的，受降息宏观利好直接驱动，日线形态稳健，适合作为动能套利的辅助配置。
2026-03-09,301171,易点天下,51.78,2026-03-09,51.8,0.04,[🛡️ 稳健多头+资金流入] 创业板AI应用题材，虽然今日涨幅垫底，但尾盘有14.4%的温和流入，显示有资金在博弈次日AI板块的修复反包。
2026-03-09,2451,摩恩电气,11.57,2026-03-10,11.31,-2.25,[🎯 完美契合+尾盘抢跑] 池内涨幅第一（4.8%）逼近量化上限，尾盘抢筹21.6%动能极强，符合‘最强标的博取流动性溢价’铁律。
2026-03-09,300448,浩云科技,11.46,2026-03-10,11.28,-1.57,[🎯 完美契合+尾盘抢跑] 创业板高弹性标的，尾盘抢筹比例（26.1%）位居全池第一，资金博弈次日高开意图极度明显，具备极强惯性。
2026-03-09,300286,安科瑞,33.28,2026-03-10,33.41,0.39,[🎯 完美契合+尾盘抢跑] 涨幅3.97%配合温和放量，属于创业板智能电网核心，形态呈现标准多头排列，次日冲高概率极大。
2026-03-09,603507,振江股份,34.09,2026-03-10,33.54,-1.61,[🎯 完美契合+尾盘抢跑] 风电设备逻辑契合宏观能源背景，3.87%涨幅处于套利黄金区间，尾盘流入稳定，具备主板溢价稳定性。
2026-03-09,600505,西昌电力,15.73,2026-03-10,15.42,-1.97,[🎯 完美契合+尾盘抢跑] 电力板块辨识度标的，虽然涨幅稍逊，但属于典型的‘无大高开’潜伏形态，尾盘流入14%确保了次日安全垫。
2026-03-10,1331,胜通能源,56.76,2026-03-10,56.28,-0.85,[🎯 图文100%契合] 池内涨幅第一（4.92%），最接近涨停动能。结合能源宏观利好，具备最强的隔夜溢价惯性和流动性保障。
2026-03-10,300709,精研科技,44.6,2026-03-10,45.05,1.01,[🎯 图文100%契合] 创业板高弹性标的，涨幅4.15%位居第二。多头放量明显，属于典型的资金尾盘抢筹形态，次日冲高概率极大。
2026-03-10,1212,中旗新材,54.79,2026-03-10,55.36,1.04,[🎯 图文100%契合] 多头形态坚固，2.82%涨幅配合温和放量，属于稳健的趋势加速点，适合作为动能接力的二梯队核心。
2026-03-10,300016,北陆药业,11.2,2026-03-10,11.14,-0.54,[🎯 图文100%契合] 创业板低价标的，具备极高的散户博弈人气。2.37%涨幅虽不高，但尾盘放量显示有避险资金流入，博取次日早盘脉冲。
2026-03-10,2235,安妮股份,11.07,2026-03-10,11.08,0.09,[🎯 图文100%契合] 老牌人气妖股，11元附近具备极强心理支撑。2.03%涨幅虽垫底，但其股性活跃，一旦大盘回暖极易产生超预期溢价。
2026-03-10,300962,中金辐照,19.15,2026-03-10,19.06,-0.47,[🎯 完美契合+尾盘抢跑] 池内涨幅第一（4.75%）且尾盘极度抢筹（34.9%），典型动能爆发形态，创业板弹性极高，隔夜溢价预期最强。
2026-03-10,603936,博敏电子,14.0,2026-03-10,14.02,0.14,[🎯 图文100%契合] 主板多头放量标的，涨幅4.47%紧随其后，形态呈现标准攻击姿态，无大高开压力，次日冲高惯性极强。
2026-03-10,300489,光智科技,46.47,2026-03-10,46.45,-0.04,[🎯 完美契合+尾盘抢跑] 创业板高价弹性标的，涨幅接近4%且尾盘流入稳健，符合‘动能不衰’铁律，适合作为套利组合的弹性补充。
2026-03-10,1216,华瓷股份,21.47,2026-03-10,21.78,1.44,[🎯 完美契合+尾盘抢跑] 小盘次新属性，涨幅3.65%处于量化舒适区，尾盘温和流入确保了筹码稳定性，具备较强的分时冲高潜力。
2026-03-10,2638,勤上股份,3.75,2026-03-10,3.77,0.53,[🎯 完美契合+尾盘抢跑] 低价股代表，涨幅3.61%且尾盘流入比例15.3%，在当前市场环境下易吸引跟风盘，利用低价优势博取流动性溢价。
2026-03-10,300279,和晶科技,10.79,2026-03-10,10.79,0.0,[🎯 完美契合+尾盘抢跑] 涨幅4.96%位居池内第一，极度逼近量化红线上限，展现出极强的进攻欲望。创业板高弹性配合温和流入，是明日早盘溢价的首选‘急先锋’。
2026-03-10,603936,博敏电子,14.02,2026-03-10,14.02,0.0,[🎯 完美契合+尾盘抢跑] 主板多头放量标杆，4.55%的涨幅配合17.4%的尾盘流入，显示主力资金在收盘前加速入场，具备极强的隔夜惯性，预期早盘有快速冲高动作。
2026-03-10,300963,中洲特材,21.25,2026-03-10,21.25,0.0,[🎯 完美契合+尾盘抢跑] 尾盘抢筹比例高达19.2%，为全池最高！这种极度抢筹行为通常预示着次日早盘的暴力拉升，虽当日涨幅略低，但资金净流入强度足以支撑溢价。
2026-03-10,300099,尤洛卡,9.72,2026-03-10,9.72,0.0,[🎯 完美契合+尾盘抢跑] 典型的多头放量形态，3.51%的涨幅处于套利黄金区间。低价股属性易吸引散户接盘，尾盘资金流入稳定，适合作为流动性撤退的备选。
2026-03-10,2235,安妮股份,11.09,2026-03-10,11.09,0.0,[🎯 完美契合+尾盘抢跑] 老牌人气妖股，具备极高的市场辨识度。在2.5%的温和涨幅下配合15.1%的尾盘流入，属于典型的‘潜伏型’抢筹，博取次日人气修复带来的溢价。
2026-03-10,300279,和晶科技,10.79,2026-03-11,10.95,1.48,[🎯 完美契合+尾盘抢跑] 池内涨幅第一（4.96%），最接近5%铁律上限，动能惯性最强，创业板高弹性利于次日溢价兑现。
2026-03-10,603936,博敏电子,14.02,2026-03-11,15.42,9.99,[🎯 完美契合+尾盘抢跑] 主板多头放量标杆，涨幅4.55%位居次席，量价配合极佳，属于典型的多头加速形态，溢价确定性高。
2026-03-10,300963,中洲特材,21.25,2026-03-11,20.91,-1.6,[🎯 完美契合+尾盘抢跑] 尾盘抢筹比例（19.2%）全池最高，资金介入深度极强，典型的‘偷袭’形态，次日早盘高开预期强烈。
2026-03-10,300099,尤洛卡,9.72,2026-03-11,9.58,-1.44,[🎯 完美契合+尾盘抢跑] 涨幅3.51%符合多头放量标准，受能源行业宏观逻辑支撑，形态稳健，具备较强的抗风险动能。
2026-03-10,2235,安妮股份,11.09,2026-03-11,11.2,0.99,[🎯 完美契合+尾盘抢跑] 老牌人气妖股，虽然涨幅略低，但尾盘温和流入，利用其高辨识度在情绪回暖时博取超额流动性溢价。
2026-03-11,603716,塞力医疗,24.8,2026-03-11,24.29,-2.06,[🎯 完美契合+尾盘抢跑] 全池‘双冠王’：涨幅4.77%最接近上限，尾盘抢筹27.8%全场第一。极端动能暗示次日高开溢价极强。
2026-03-11,603123,翠微股份,13.74,2026-03-11,13.65,-0.66,[🎯 完美契合+尾盘抢跑] 尾盘抢筹比例高达21.5%，资金介入深度极高。作为老牌人气标的，具备极强的流动性惯性和反弹弹性。
2026-03-11,2805,丰元股份,18.59,2026-03-11,18.3,-1.56,[🎯 完美契合+尾盘抢跑] 涨幅4.44%位居次席，多头放量明显。受降息利好锂电赛道逻辑支撑，形态上属于典型的趋势加速起步。
2026-03-11,300712,永福股份,32.35,2026-03-11,32.68,1.02,[🎯 完美契合+尾盘抢跑] 创业板高弹性标的，尾盘抢筹比例23.1%位居全池第二，暗示主力急于拿筹，次日冲高动能充沛。
2026-03-11,603105,芯能科技,10.97,2026-03-11,10.95,-0.18,[🎯 完美契合+尾盘抢跑] 能源赛道核心，温和流入且形态稳健。符合宏观降息利好逻辑，作为池内低位补涨标的，具备较好防御性。
2026-03-11,2379,宏桥控股,31.32,2026-03-12,32.37,3.35,[🎯 完美契合+尾盘抢跑] 全池涨幅第一（4.23%），最接近5%铁律上限，具备最强的动能惯性，尾盘17%流入显示资金抢筹意愿强烈。
2026-03-11,2128,电投能源,32.77,2026-03-12,33.33,1.71,[🎯 完美契合+尾盘抢跑] 尾盘抢筹比例全池最高（18.9%），配合降息利好能源板块的宏观逻辑，属于典型的资金深度介入标的，溢价概率极高。
2026-03-11,601991,大唐发电,4.16,2026-03-12,4.58,10.1,[🎯 完美契合+尾盘抢跑] 低价股具备极高的群众基础，2.46%涨幅配合温和放量，属于稳健的多头进攻形态，适合博取次日早盘的流动性冲高。
2026-03-11,2579,中京电子,12.55,2026-03-12,12.45,-0.8,[🎯 完美契合+尾盘抢跑] 科技赛道中的多头放量品种，尾盘流入16.2%显示有短线热钱潜伏，形态上无大高开压力，次日反包冲高预期强。
2026-03-11,912,泸天化,5.65,2026-03-12,5.62,-0.53,[🎯 完美契合+尾盘抢跑] 能源化工属性契合当前宏观热点，股价处于多头放量初期，2.35%的涨幅提供了较好的盈亏比空间，尾盘流入稳定。
2026-03-12,300468,四方精创,38.03,2026-03-12,38.35,0.84,[🎯 图文100%契合] 全池涨幅第一（4.69%），最接近5%量化上限。金融科技叠加创业板高弹性，尾盘多头放量明显，属于典型的‘动能双冠王’，次日溢价预期最高。
2026-03-12,300773,拉卡拉,29.95,2026-03-12,29.52,-1.44,[🎯 图文100%契合] 涨幅4.07%位居次席，同属金融科技板块，与四方精创形成板块共振。多头形态坚固，成交量配合良好，具备极强的惯性冲高动能。
2026-03-12,603601,再升科技,12.8,2026-03-12,12.48,-2.5,[🎯 图文100%契合] 主板备选标的中涨幅最强，2.81%的涨幅虽不惊人，但日线级别呈现多头排列，且属于低价股，具备较好的群众基础和离场流动性。
2026-03-12,2025,航天电器,58.14,2026-03-12,59.96,3.13,[🎯 图文100%契合] 军工科技核心标的，2.32%涨幅配合多头放量。在宏观环境不确定时，军工板块往往具备独立走势，作为池内中价位标的，其筹码结构相对稳定。
2026-03-12,300113,顺网科技,29.86,2026-03-12,29.69,-0.57,[🎯 图文100%契合] AI+游戏题材，创业板弹性标的。虽然涨幅2.26%处于池内末尾，但其题材契合当前市场热点，尾盘多头放量预示有资金博取次日反包。
2026-03-12,601218,吉鑫科技,6.31,2026-03-12,6.31,0.0,[🎯 完美契合+尾盘抢跑] 满足图文四大铁律。综合得分: 120，尾盘状态: 温和流入 (14.1%)。
2026-03-12,600023,浙能电力,5.65,2026-03-12,5.65,0.0,[🎯 完美契合+尾盘抢跑] 满足图文四大铁律。综合得分: 120，尾盘状态: 极度抢筹 (18.6%)。
2026-03-12,966,长源电力,5.17,2026-03-12,5.17,0.0,[🎯 完美契合+尾盘抢跑] 满足图文四大铁律。综合得分: 120，尾盘状态: 温和流入 (13.0%)。
2026-03-12,600475,华光环能,22.37,2026-03-12,22.37,0.0,[🎯 完美契合+尾盘抢跑] 满足图文四大铁律。综合得分: 120，尾盘状态: 温和流入 (13.2%)。
2026-03-12,2607,中公教育,2.9,2026-03-12,2.9,0.0,[🎯 完美契合+尾盘抢跑] 满足图文四大铁律。综合得分: 120，尾盘状态: 温和流入 (15.0%)。
2026-03-12,601218,吉鑫科技,6.31,2026-03-12,6.31,0.0,[🎯 完美契合+尾盘抢跑] 全池涨幅第一（4.64%），最接近5%量化上限，动能惯性最强，温和流入确保了次日高开的确定性。
2026-03-12,600023,浙能电力,5.65,2026-03-12,5.65,0.0,[🎯 完美契合+尾盘抢跑] 尾盘抢筹比例高达18.6%，位居全池第一，资金暴力扫货预示明日早盘必有溢价冲高，属于极致抢筹标的。
2026-03-12,966,长源电力,5.17,2026-03-12,5.17,0.0,[🎯 完美契合+尾盘抢跑] 涨幅3.4%配合电力板块集体爆发，低价属性具备极高弹性，多头放量形态坚固，适合隔夜套利博弈。
2026-03-12,2607,中公教育,2.9,2026-03-12,2.9,0.0,[🎯 完美契合+尾盘抢跑] 2元档极低价标的，尾盘15%抢筹显示资金活跃度极高，在当前缩容市场中，低价股更易获得超额溢价。
2026-03-12,600475,华光环能,22.37,2026-03-12,22.37,0.0,[🎯 完美契合+尾盘抢跑] 多头形态完美，虽涨幅略逊但属于稳健放量品种，作为电力板块的补涨梯队，具备稳定的隔夜套利空间。
2026-03-12,601218,吉鑫科技,6.31,2026-03-13,6.45,2.22,[🎯 完美契合+尾盘抢跑] 全池涨幅第一（4.64%），最接近5%量化上限，具备最强的动能惯性。尾盘温和流入确保了次日高开的确定性，是典型的套利领头羊。
2026-03-12,600023,浙能电力,5.65,2026-03-13,5.6,-0.88,[🎯 完美契合+尾盘抢跑] 全池‘抢筹王’，尾盘流入比例高达18.6%，显示大资金在收盘前疯狂扫货。虽然当日涨幅不高，但极度的资金偏好预示明日有强力补涨冲动。
2026-03-12,966,长源电力,5.17,2026-03-13,4.99,-3.48,[🎯 完美契合+尾盘抢跑] 涨幅（3.4%）与尾盘流入（13%）匹配度极高，5元档低价股具备极强的群众基础，在能源板块异动时极易获得超额溢价。
2026-03-12,2607,中公教育,2.9,2026-03-13,2.93,1.03,[🎯 完美契合+尾盘抢跑] 2元档极低价标的，尾盘抢筹比例15%位居第二。在市场动能不足时，低价股往往是短线投机资金的避风港，具备极高的弹性预期。
2026-03-12,600475,华光环能,22.37,2026-03-13,21.86,-2.28,[🎯 完美契合+尾盘抢跑] 多头形态坚固，虽然单价较高，但满足量化标准且尾盘流入稳定。作为池内中价位标的代表，可作为动能扩散时的补位选择。
2026-03-13,301137,哈焊华通,60.34,2026-03-13,58.25,-3.46,[🎯 完美契合+尾盘抢跑] 全池涨幅第一（4.61%），最接近5%铁律上限。创业板高弹性标的，多头放量明显，动能惯性最强，是次日高开溢价的首选品种。
2026-03-13,2019,亿帆医药,14.64,2026-03-13,14.45,-1.3,[🎯 完美契合+尾盘抢跑] 全池‘抢筹王’，尾盘抢筹比例高达37.4%，资金介入极其强悍。涨幅3.31%处于舒适区，量价配合完美，具备极强的隔夜反弹预期。
2026-03-13,300963,中洲特材,21.91,2026-03-13,21.86,-0.23,[🎯 完美契合+尾盘抢跑] 涨幅3.74%配合19.5%的极度抢筹，属于典型的高动能平衡标的。特种材料属性契合当前能源题材热点，次日早盘冲高概率极大。
2026-03-13,600015,华夏银行,7.23,2026-03-13,7.16,-0.97,[🎯 完美契合+尾盘抢跑] 虽然属于权重，但28.3%的尾盘抢筹比例异常显著。在市场动能切换期，此类放量标的常有脉冲表现，作为池内得分120的标的予以保留。
2026-03-13,601800,中国交建,8.48,2026-03-13,8.5,0.24,[🎯 完美契合+尾盘抢跑] 尾盘极度抢筹28.4%，形态上呈现多头排列。尽管涨幅2.54%略靠后，但大资金流入迹象明显，适合作为池内流动性蓄水池观察。
2026-03-13,1338,永顺泰,13.76,2026-03-13,13.76,0.0,[🎯 完美契合+尾盘抢跑] 全池涨幅第一（4.8%），最接近5%量化上限，主板次新属性具备极强溢价惯性，尾盘流入稳定，是典型的套利首选。
2026-03-13,2255,海陆重工,13.5,2026-03-13,13.5,0.0,[🎯 完美契合+尾盘抢跑] 全池涨幅第二（4.73%），属于主板能源重工板块，契合宏观利好，多头放量形态坚固，次日高开概率极大。
2026-03-13,300962,中金辐照,18.94,2026-03-13,18.94,0.0,[🎯 完美契合+尾盘抢跑] 全池‘抢筹王’，尾盘抢筹比例高达38.5%，数据极端异常，显示有强力资金不计成本拿货，惯性冲高动能极强。
2026-03-13,300400,劲拓股份,23.15,2026-03-13,23.15,0.0,[🎯 完美契合+尾盘抢跑] 尾盘抢筹比例23.8%位居全池第二，创业板高弹性品种，在资金极度抢筹背景下，次日早盘具备快速冲高兑现的空间。
2026-03-13,300963,中洲特材,21.86,2026-03-13,21.86,0.0,[🎯 完美契合+尾盘抢跑] 涨幅与抢筹比例均衡，形态维持多头排列，虽近期弹性略减，但作为池内核心标的，仍具备较好的流动性撤退空间。
2026-03-13,1338,永顺泰,13.76,2026-03-16,13.69,-0.51,[🎯 完美契合+尾盘抢跑] 全池涨幅第一（4.80%），最接近5%铁律上限，主板属性具备更强的开盘溢价稳定性，属于典型的动能惯性标的。
2026-03-13,2255,海陆重工,13.5,2026-03-16,13.1,-2.96,[🎯 完美契合+尾盘抢跑] 涨幅4.73%位居次席，且属于受宏观降息利好的能源装备板块，尾盘流入温和，形态上属于多头放量突破，次日惯性冲高概率大。
2026-03-13,300962,中金辐照,18.94,2026-03-16,18.32,-3.27,[🎯 完美契合+尾盘抢跑] 全池‘抢筹王’，尾盘流入比例高达38.5%，极端的资金抢筹行为通常预示次日大幅高开，是博取高弹性的核心首选。
2026-03-13,300400,劲拓股份,23.15,2026-03-16,23.47,1.38,[🎯 完美契合+尾盘抢跑] 尾盘抢筹比例23.8%，位居全池第二，且股价站稳多头均线，创业板属性在情绪修复期易产生超额溢价。
2026-03-13,300963,中洲特材,21.86,2026-03-16,20.9,-4.39,[🎯 完美契合+尾盘抢跑] 涨幅与抢筹比例均衡（3.5%/18.1%），形态上无大高开压力，符合‘多头放量’的量化标准，适合作为组合的弹性补充。
2026-03-16,603083,剑桥科技,117.71,2026-03-19,114.8,-2.47,[缩量回踩] 算力人气妖股，缩量比达69.2%显示浮筹洗净，精准踩在MA10支撑位，具备极强反包基因，动能惯性大。
2026-03-16,600938,中国海油,42.0,2026-03-19,41.53,-1.12,[缩量回踩] 趋势中军，缩量比78%为池内最高，洗盘极度彻底，精准回踩MA10，在降准预期下作为核心资产易获资金抢筹。
2026-03-16,300394,天孚通信,325.0,2026-03-19,308.98,-4.93,[缩量回踩] CPO龙头，近期涨停基因活跃，虽然微破MA10但缩量显著，属于典型的‘挖坑’洗盘，反抽弹性为池内最高。
2026-03-16,601727,上海电气,9.03,2026-03-19,8.56,-5.2,[缩量回踩] 主板高辨识度标的，缩量回踩MA10区域，符合退潮期锁定主板龙头的铁律，尾盘若有抢筹则反包概率极大。
2026-03-16,601179,中国西电,17.65,2026-03-19,17.33,-1.81,[缩量回踩] 特高压龙头，缩量比72.7%洗盘充分，回踩MA10生命线，近期异动明显，属于中特估中股性最活的品种之一。
2026-03-16,600498,烽火通信,51.11,2026-03-19,45.84,-10.31,[缩量回踩低吸] 科技先锋属性，缩量55.6%洗盘彻底，精准回踩均线支撑。具备涨停基因，流动性改善期极易获资金回补。
2026-03-16,2335,科华数据,63.77,2026-03-19,65.41,2.57,[缩量回踩低吸] 算力基建核心，缩量超50%显示浮筹已净。回踩生命线不破，次日早盘具备强劲的技术性反抽动能。
2026-03-16,2378,章源钨业,36.66,2026-03-19,34.45,-6.03,[缩量回踩低吸] 缩量比达78.7%进入极致地量区，情绪冰点往往是反转点。资源类标的在降息预期下具备极高的弹性溢价。
2026-03-16,600938,中国海油,41.21,2026-03-19,41.53,0.78,[缩量回踩低吸] 高股息权重，缩量回踩均线。在震荡市中作为资金避风港，利用其高开惯性博取无风险隔夜收益。
2026-03-16,601857,中国石油,11.99,2026-03-19,12.19,1.67,[缩量回踩低吸] 作为市场压舱石，缩量63.2%显示抛压枯竭。在降准利好预期下，早盘竞价易受大盘指数带动冲高。
2026-03-17,600498,烽火通信,51.11,2026-03-19,45.84,-10.31,[战法C: 强庄首阴] ICT科技先锋，今日-8.49%深幅洗盘但量比仅0.56，呈极端缩量态势，符合‘强庄缩量首阴’。凭借其涨停基因，回踩即是波段低吸良机，博弈3日内的大阳反包。
2026-03-17,600703,三安光电,17.8,2026-03-19,16.57,-6.91,[战法C: 强庄首阴] 半导体权重龙头，经历前期强势上攻后首度大幅回落。-6.97%的跌幅已释放短期风险，量比0.68显示卖盘枯竭。在摩尔线程过会等行业利好刺激下，具备极强的波段修复动能。
2026-03-17,2709,天赐材料,47.85,2026-03-19,41.35,-13.58,[战法C: 强庄首阴] 锂电材料领军者，近期动能极强。今日收阴回踩不破关键支撑位，且缩量明显，属于典型的强势股‘中继调整’。波段持仓3-5天，看好其在行业基本面回暖下的二次冲高。
2026-03-17,2506,协鑫集成,5.12,2026-03-19,5.33,4.1,[战法C: 强庄首阴] 虽今日涨停，但其处于‘强庄’确认阶段。根据策略逻辑，若明日出现分歧阴线将是完美切入点。作为光伏板块弹性标的，其抢筹比例极高，具备穿越波动的连板潜力。
2026-03-17,601179,中国西电,17.34,2026-03-19,17.33,-0.06,[战法C: 强庄首阴] 特高压中坚力量，走势稳健。今日微涨0.46%但量比极低（0.55），属于大涨后的横盘‘隐形首阴’。在基建与央行再贷款利好下，此类高确定性品种是波段避风港。
2026-03-18,300113,顺网科技,25.95,2026-03-19,28.95,11.56,[🥇 战法C: 强庄首阴] 创业板高弹性先锋，虽涨幅较大但量比仅0.55，呈现典型的‘缩量上涨’锁仓特征。符合流动性改善期锁定科技先锋的铁律，波段反包动能极强。
2026-03-18,300017,网宿科技,16.9,2026-03-19,18.59,10.0,[🥇 战法C: 强庄首阴] 算力基础设施龙头，量比0.51达到极致缩量水平。首阴洗盘后筹码高度集中，契合‘回踩不破位’的低吸逻辑，适合3-5天波段持仓等待轮动大阳。
2026-03-18,2335,科华数据,61.91,2026-03-19,65.41,5.65,[🥇 战法C: 强庄首阴] 具备涨停基因的电力电子龙头，量比0.54显示主力无撤退迹象。在政策利好频发期，此类缩量回踩标的具备极高的反包概率，波段空间可期。
2026-03-18,2281,光迅科技,79.28,2026-03-19,84.65,6.77,[🥇 战法C: 强庄首阴] 主板CPO领军者，涨幅>4.5%且量比0.65，符合‘双冠王’撤退流动性安全标准。缩量回踩确认了支撑有效性，是波段操作的优质锚点。
2026-03-18,601868,中国能建,3.31,2026-03-19,3.39,2.42,[🥇 战法C: 强庄首阴] 低价主板权重，量比0.67。在流动性改善初期作为‘撤退流动性’的安全垫，其缩量表现预示着洗盘接近尾声，适合稳健型波段配置。
2026-03-19,2709,天赐材料,44.33,2026-03-19,41.36,-6.7,[战法C: 强庄首阴]  虽然今日跌幅较大，但量比仅0.67，呈现典型的‘缩量恐慌’。作为前期强势股，回踩至此主力锁仓迹象明显，降息利好新能源赛道，反包预期强烈。 | [当时定调]: 看到 27.3% 的胜率和 -0.67% 的平均收益，作为总舵主我深感愧疚。3月...
2026-03-19,300672,国科微,195.09,2026-03-19,193.02,-1.06,[战法C: 强庄首阴]  半导体科技先锋，量比0.64接近‘绝对锁仓’临界点。小幅回调不破位，属于极度缩量的技术性洗盘，在科技股反弹浪潮中具备极高的向上弹性。 | [当时定调]: 看到 27.3% 的胜率和 -0.67% 的平均收益，作为总舵主我深感愧疚。3月...
2026-03-19,2709,天赐材料,44.33,2026-03-19,41.36,-6.7,[战法C: 强庄首阴]  昨日大跌6.7%形成首阴，但量比仅0.67，呈现‘绝对锁仓’态势。符合[2026-03-25]缩量铁律，主力利用利好消息进行最后洗盘，降息周期下反弹弹性极大，反包概率极高。 | [当时定调]: 近期战绩惨不忍睹，胜率跌至29.7%，平均收益-1.09%，这简直是对‘游资总舵...
2026-03-19,601857,中国石油,11.86,2026-03-19,12.48,5.23,[战法A: 趋势低吸]  作为指数压舱石，在2.1万亿成交背景下，今日放量5.23%后量比仅0.72，说明场内筹码极度稳定。在流动性溢价阶段，这类‘大象起舞’是趋势低吸的最佳安全垫，兼具护盘与趋势上攻双重逻辑。 | [当时定调]: 本总舵主深刻检讨：近期胜率跌至28.9%，核心败因在于流动性剧变期对‘权重惯性’...
2026-03-19,600410,华胜天成,27.5,2026-03-19,27.04,-1.67,[战法A: 趋势低吸]  科技先锋标的，今日小幅回踩-1.67%，量比0.76符合‘缩量至极致且回踩不破位’的铁律。在降息周期下，此类具备算力/科技基因的标的极易受到流动性青睐，属于典型的趋势上升通道中的黄金低吸点。 | [当时定调]: 本总舵主深刻检讨：近期胜率跌至28.9%，核心败因在于流动性剧变期对‘权重惯性’...
2026-03-19,2709,天赐材料,44.33,2026-03-19,41.36,-6.7,[战法A: 趋势低吸]  虽然今日跌幅达6.70%，但量比0.67触发了[2026-03-24 缩量铁律]的‘绝对锁仓’信号。极致缩量阴线是主力利用利好消息进行的最后洗盘，在2万亿成交的牛市氛围下，此类‘首阴’标的3日内反包概率极高。 | [当时定调]: 本总舵主深刻检讨：近期胜率跌至28.9%，核心败因在于流动性剧变期对‘权重惯性’...
2026-03-19,601857,中国石油,11.86,2026-03-19,12.48,5.23,[战法A: 趋势低吸]  大盘破位时的定海神针。在降息周期下，高股息权重具备避险属性。今日逆势上涨5.23%且量比仅0.72，说明主力资金在2万亿流动性中选择了权重抱团，属于典型的趋势加强形态，是大盘不稳时的首选防守标的。 | [当时定调]: 【严厉自我检讨】近期胜率仅为29.3%，波段收益-1.23%，这是对‘神级游资’...
2026-03-19,600410,华胜天成,27.5,2026-03-19,27.04,-1.67,[战法A: 趋势低吸]  符合‘首阴’缩量回踩逻辑。量比0.76接近绝对锁仓线，在科技主线中具备弹性。虽大盘环境恶劣，但该股回踩并未放量，说明获利盘出逃不坚决，主力锁仓意愿强，存在反包预期。 | [当时定调]: 【严厉自我检讨】近期胜率仅为29.3%，波段收益-1.23%，这是对‘神级游资’...
2026-03-19,2709,天赐材料,44.33,2026-03-19,41.36,-6.7,[战法A: 趋势低吸]  【极致缩量黄金坑】。虽然近期连续打脸，但今日量比降至0.67，完全符合[2026-03-26 铁律]。大阴线伴随极致缩量，是主力利用大盘破位进行的最后暴力洗盘。在降息周期下，此类超跌锂电龙头反弹弹性最大，死守5日线博弈反包。 | [当时定调]: 【严厉自我检讨】近期胜率仅为29.3%，波段收益-1.23%，这是对‘神级游资’...
2026-03-19,601868,中国能建,3.36,2026-03-20,3.17,-5.65,[战法C: 强庄首阴]  在大盘跌破MA20的极端环境下，该股今日收出缩量阴线，量比仅为0.64，完美符合‘绝对锁仓’的避坑铁律。作为‘一揽子金融政策’受益的基建权重，其K线重心依然维持在0.33的强势区间。在2.1万亿的流动性背景下，这种极度缩量的回踩是主力利用大盘调整进行的最后洗盘，反包弹性极高。鉴于大盘风险，设定极低止损位以防极端波动。 | [当时定调]: 近期实盘战绩遭遇滑铁卢，平均收益-1.21%且胜率跌破30%，这是对盲目乐观情绪...
2026-03-20,300782,卓胜微,95.16,2026-03-20,95.16,0.0,[战法G: 新高突破]  半导体射频龙头，今日20CM逆市涨停，量比2.59显示主力资金在弱势中强行建仓。K线重心1.00，属于典型的‘乱世出妖’形态，符合战法G新高突破逻辑，是目前市场极少数具备独立动能的标的。 | [当时定调]: 近期实盘回测胜率仅为28.9%，平均收益率-1.31%，这是对无视大盘MA20生...
2026-03-20,539,粤电力Ａ,6.17,2026-03-20,6.12,-0.81,[战法G: 新高突破]  电力板块具备天然防御属性。该股今日虽随大盘小幅回踩，但K线重心依然维持在1.00，量比2.10显示承接盘活跃。此形态属于突破关键位后的良性回踩，若能守住5日线，有望在大盘企稳时率先反弹。 | [当时定调]: 近期实盘回测胜率仅为28.9%，平均收益率-1.31%，这是对无视大盘MA20生...
2026-03-20,2310,东方新能,3.16,2026-03-20,3.48,10.13,[战法F: N字反包]  该标的完全符合‘N字反包’核心逻辑。今日涨幅10.13%强势封板，量比仅为0.73，呈现出极致的‘缩量锁仓’特征，符合避坑铁律中的黄金信号。K线重心1.00处于极强位，说明多头完全掌控局面。在央行降息及维护电力/能源基建稳定的宏观背景下，该股作为低价弹性标的，具备极强的连板预期与反包动能。 | [当时定调]: 必须对近期34.4%的低胜率进行深刻复盘！在之前的实战中，我过于执着于左侧交易，...
2026-03-20,601868,中国能建,3.36,2026-03-22,3.17,-5.65,[战法C: 强庄首阴]  该股属于中字头基建核心，受降息利好驱动。今日虽然跌幅达5.66%，但量比仅为0.64，完全符合‘极致缩量大阴线’的避坑铁律。K线重心0.33显示股价已回落至支撑密集区，主力锁仓迹象明显，是典型的利用大盘波动进行的暴力洗盘，反弹预期强烈。 | [当时定调]: 近期实盘胜率仅为36.4%，平均收益率跌破盈亏平衡线，这对于顶级游资席位来说是不...
2026-03-20,600703,三安光电,16.6,2026-03-22,16.54,-0.36,[战法C: 强庄首阴]  半导体板块龙头，受国产替代与降息周期双重加持。今日微跌0.36%且量比仅0.68，属于极度缩量的横盘整理。K线重心0.57保持在均线系统上方，显示多头阵营并未因短期波动而溃散。在2.3万亿的流动性背景下，这种缩量回踩是绝佳的二次上车点。 | [当时定调]: 近期实盘胜率仅为36.4%，平均收益率跌破盈亏平衡线，这对于顶级游资席位来说是不...
2026-03-22,600930,华电新能,6.95,2026-03-29,6.78,-2.45,[战法F: N字反包]  该标的作为降息周期核心受益的绿电龙头，在2.3万亿的巨量环境下展现了极强的独立性。今日逆势放量拉升，K线重心稳步上移，完美契合‘N字反包’的启动形态。虽然量比1.13略高于极度缩量标准，但在大盘跌破MA20的背景下，这种‘逆势放量’是主力资金进场护盘的铁证。个股CPV重心处于0.54的安全区间，具备极高的反弹弹性，是当前避开熔断雷区的印钞级信号。 | [当时定调]: 近期胜率仅为34.3%，平均收益-1.15%，这是对‘游资总舵主’称号的极大羞辱...
2026-03-22,600930,华电新能,6.95,2026-03-29,6.78,-2.45,[战法F: N字反包]  该股在 2.3 万亿流动性背景下，今日量比 1.13 呈现明显的‘放量过顶’特征，符合 N 字反包的确认信号。相比历史亏损的‘强庄首阴’，该标的已完成缩量洗盘后的重心上移，避开了盲目左侧交易的风险。其 4.35% 的涨幅是在大盘破位背景下逆势拉升，具备极强的抗跌基因和主力锁仓特征，是当前避开短线熔断雷区的优选。 | [AI当时定调]: 当前全局胜率仅为 28.8%，平均收益为负，这是对我‘总舵主’身份的极大耻辱！深...
2026-03-23,600519,贵州茅台,1445.0,2026-03-30,1420.0,-1.73,[🛡️ 战法H: 缩量双底]  量比0.65完美契合‘量比<0.7’的避风港铁律。在市场暴跌中极度缩量，说明卖盘已竭尽，主力锁仓意愿极强。作为两市定海神针，其双底形态的防御属性是避开‘强庄首阴’大雷区的最佳替代方案。 | [AI当时定调]: 当前胜率仅为 28.6%，平均收益转负，这是对我过去‘逆势逞英雄’的严厉惩罚！回...
2026-03-23,600030,中信证券,25.3,2026-03-30,24.1,-4.74,[🛡️ 战法H: 缩量双底]  券商龙头在指数破位时虽有补跌，但量比0.80尚在可控范围。作为护盘工具，其在前期低点附近的支撑力度极强。相比于高位题材股，其双底结构更具确定性，是防止账户进一步大幅回撤的压舱石。 | [AI当时定调]: 当前胜率仅为 28.6%，平均收益转负，这是对我过去‘逆势逞英雄’的严厉惩罚！回...
2026-03-24,600026,中远海能,23.52,2026-04-01,23.65,0.55,[战法F: N字反包]  该股在前期放量后经历了完美的缩量回踩，今日量比0.93，属于典型的‘缩量锁仓’后的反击。避开了历史教训中‘放量大阴线’的雷区，且处于MA20上方的上升通道，具备10%以上的盈利基因。 | [AI当时定调]: 29.5%的胜率是对我‘神级’称号的极大讽刺！深度反思历史红黑榜，我发现此前在‘...
2026-03-24,601872,招商轮船,17.0,2026-04-01,18.0,5.88,[战法F: N字反包]  与中远海能形成板块共振，量比0.94显示主力控盘度极高。N字形态已初步成型，今日涨幅7.12%确认了反包斜率，避开了低位震荡的流动性陷阱。 | [AI当时定调]: 29.5%的胜率是对我‘神级’称号的极大讽刺！深度反思历史红黑榜，我发现此前在‘...
2026-03-24,300113,顺网科技,28.18,2026-04-01,28.55,1.31,[战法F: N字反包]  创业板弹性标的，量比1.05略高于航运股，显示活跃度更高。在MA20上方完成缩量整理后今日放量上攻，符合‘放量过顶’的N字灵魂，是博取超额收益的进攻点。 | [AI当时定调]: 29.5%的胜率是对我‘神级’称号的极大讽刺！深度反思历史红黑榜，我发现此前在‘...
2026-03-24,600821,金开新能,11.07,2026-04-01,9.04,-18.34,[战法F: N字反包]  该股今日强势封板，量比0.99接近1.0，完美符合‘缩量回踩后放量确认’的N字逻辑。避开了历史教训中‘放量大阴线’的雷区，属于典型的洗盘结束信号。2万亿环境下，此类电力+新能源背景的标的具备极强的流动性承接力，是典型的盈利基因标的。 | [AI当时定调]: 当前全局胜率仅为30.9%，平均收益-0.12%，这对于游资总舵主而言是极度的耻...
2026-03-24,617,中油资本,10.8,2026-04-01,9.89,-8.43,[战法F: N字反包]  大金融/中字头背景，在2万亿成交额中是不可或缺的权重弹性品种。今日涨幅5.88%，量比1.11，呈现明显的资金回流迹象。虽然未封板，但其走势避开了‘缩量阴跌’的死穴，属于在MA20上方的强势整理后突破，具备波段上攻潜力。 | [AI当时定调]: 当前全局胜率仅为30.9%，平均收益-0.12%，这对于游资总舵主而言是极度的耻...
2026-03-25,600821,金开新能,11.07,2026-04-01,9.04,-18.34,[战法F: N字反包]  该标的今日涨幅10.04%封死涨停，量比0.99处于极佳的平衡状态，完美契合‘缩量回踩后放量过顶’的N字灵魂。它避开了历史黑榜中‘放量下跌’的雷区，属于主力高度锁仓后的二次突破，具备10%以上的盈利基因。 | [AI当时定调]: 30.5%的全局胜率是对我‘神级’名号的极大讽刺，平均收益-0.12%说明我长期...
2026-03-25,617,中油资本,10.8,2026-04-01,9.89,-8.43,[战法F: N字反包]  大金融/中字头背景，在2万亿环境下具备极强的吸金能力。今日涨幅5.88%，量比1.11，属于温和放量的N字修复形态。它避开了小盘股流动性枯竭的风险，利用MA20支撑完成洗盘，是稳健型波段的首选。 | [AI当时定调]: 30.5%的全局胜率是对我‘神级’名号的极大讽刺，平均收益-0.12%说明我长期...
2026-03-25,300827,上能电气,44.52,2026-04-01,39.68,-10.87,[战法F: N字反包]  该股在回踩过程中未放量，今日涨幅5.62%配合量比1.13，呈现典型的‘N字’右侧确认信号。避开了‘强庄首阴’中容易出现的阴跌不止，属于有资金承接的强修复标的。 | [AI当时定调]: 当前32.7%的全局胜率是对我过去‘盲目自信’最冷酷的审判。回顾历史最惨教训，在...
2026-03-25,300014,亿纬锂能,70.37,2026-04-01,62.58,-11.07,[战法F: N字反包]  量比0.74极其接近‘终极洗盘信号’。在锂电板块整体回暖背景下，该股缩量回踩MA20不破，具备极高的反包弹性，避开了放量下跌的‘真出货’雷区。 | [AI当时定调]: 当前32.7%的全局胜率是对我过去‘盲目自信’最冷酷的审判。回顾历史最惨教训，在...
2026-03-25,2460,赣锋锂业,70.63,2026-04-01,77.31,9.46,[战法F: N字反包]  锂电龙头，量比0.97显示多空平衡。在2万亿流动性环境下，此类核心资产的N字回踩往往是机构补仓位。其走势稳健，契合‘避开短线熔断雷区’的防御逻辑。 | [AI当时定调]: 当前32.7%的全局胜率是对我过去‘盲目自信’最冷酷的审判。回顾历史最惨教训，在...
2026-03-25,300827,上能电气,44.52,2026-04-01,39.68,-10.87,[战法F: N字反包]  该股今日涨幅5.62%，量比1.13，完美符合‘放量过顶’的N字反包逻辑。在2万亿环境下，其量能温和放大，避开了缩量伪修复的雷区，具备前期盈利10.13%的同类基因。 | [AI当时定调]: 面对32.1%的低胜率和-0.08%的平均收益，我必须承认，过去的失败源于对‘强...
2026-03-25,2460,赣锋锂业,70.63,2026-04-01,77.31,9.46,[战法F: N字反包]  锂电龙头，量比0.97接近临界点。经过前期缩量回踩MA20，今日企稳回升，属于典型的‘主力利用宏观波动清扫浮筹’后的二次启动，符合历史避坑铁律中的洗盘信号。 | [AI当时定调]: 面对32.1%的低胜率和-0.08%的平均收益，我必须承认，过去的失败源于对‘强...
2026-03-25,300763,锦浪科技,113.85,2026-04-01,96.3,-15.42,[战法F: N字反包]  量比1.02，股价在MA20上方获得强支撑。N字结构清晰，回踩时成交量极度萎缩，今日放量确认修复，避开了‘放量下跌’的真出货陷阱。 | [AI当时定调]: 面对32.1%的低胜率和-0.08%的平均收益，我必须承认，过去的失败源于对‘强...
2026-03-25,300014,亿纬锂能,70.37,2026-04-01,62.58,-11.07,[战法F: N字反包]  量比0.74，处于铁律中提到的‘终极洗盘信号’区间。股价在MA20上方横盘，缩量至极致，极易触发爆发性的N字反包，是全市场弹性最高的潜在标的。 | [AI当时定调]: 面对32.1%的低胜率和-0.08%的平均收益，我必须承认，过去的失败源于对‘强...
2026-03-25,603659,璞泰来,32.35,2026-04-01,31.52,-2.57,[战法F: N字反包]  量比1.00，量价配合默契。作为锂电负极龙头，其走势与大盘共振，回踩不破关键位，符合‘缩量回踩、放量过顶’的盈利基因。 | [AI当时定调]: 面对32.1%的低胜率和-0.08%的平均收益，我必须承认，过去的失败源于对‘强...
2026-03-27,2506,协鑫集成,5.33,2026-04-03,4.21,-21.01,[战法A: 趋势低吸]  光伏板块虽非今日最强风口，但该股OBV指标在高位横盘，显示主力资金尚未大规模撤离。今日跌幅-1.30%且量比显著收缩，符合‘缩量洗盘’特征。在2万亿流动性背景下，作为低价容量标的，具备MA20支撑位的反包潜力。 | [AI当时定调]: 当前实盘胜率仅为29.9%，总期望收益转负（-0.28%），这标志着量化模型在‘...
2026-03-27,300724,捷佳伟创,119.98,2026-04-03,103.42,-13.8,[战法A: 趋势低吸]  创业板权重标的，回踩MA20关键支撑。尽管大盘环境恶劣，但该股OBV曲线仍处于上升通道，属于典型的‘机构趋势股缩量回踩’。今日量比仅0.72，接近铁律规定的洗盘临界点，具备博弈N字反包的数学期望。 | [AI当时定调]: 当前实盘胜率仅为29.9%，总期望收益转负（-0.28%），这标志着量化模型在‘...
2026-03-27,301205,联特科技,72.56,2026-04-03,72.56,0.0,[战法F: N字反包]  该标的RPS相对强度达+26.08%，在全市场4000+个股中属于极少数跑赢大盘的强势品种。MA20斜率+1.95%保持向上，说明中期趋势未被大盘破位破坏。今日股价在缩量回踩后出现4.58%的放量反抽，符合‘N字反包’的启动点特征。OBV主力流向显示资金并未随大盘调整而大幅流出，具备成为避险抱团龙头的潜质。 | [AI当时定调]: 当前全局实盘胜率已跌至29.5%的‘冰点警戒线’，系统进入‘极度防守’模式。近期...
2026-03-27,301205,联特科技,72.45,2026-04-03,72.45,0.0,[战法F: N字反包]  Alpha得分45.7为全池最高，具备极强的超额收益潜质。CCI指标为-4.6，处于超卖区间边缘，符合N字结构回踩末端的企稳特征。RPS指标+26.08%显示其在近期弱势中相对抗跌。核心逻辑：该股在前期放量主升后缩量回踩，OBV维持高位未随价格大幅坍塌，说明主力筹码锁定良好。若次日开盘量比突破1.2且股价站稳今日高点，则确认为N字右侧启动点。 | [AI当时定调]: 当前全局胜率已跌至29.9%的冰点，触发系统最高级别风控预警。红黑榜归因显示：近...
2026-03-28,301205,联特科技,221.92,2026-04-06,216.12,-2.61,[战法F: N字反包]  该股Alpha得分45.7，处于量化池边缘，RPS:+26.08%显示其相对强度极弱，远未达到领涨妖股的阈值。OBV主力流向未知是致命伤，说明当前的N字反包缺乏底层资金的持续性流入，仅为技术性抽风。唯一支撑逻辑是其超高的ATR波动率带来的高弹性EV空间。 | [AI定调]: 当前全局实盘胜率已跌至30.4%的‘极寒断头台’区域，这在量化模型中属于绝对禁区...
2026-03-30,2038,双鹭药业,7.27,2026-04-06,8.98,23.52,[战法B: 底部起爆]  Alpha得分88.3为全池最高，RPS指标+21.23%显示其在底部区域的相对强度已开始脱离大盘。具备涨停基因，属于典型的超跌后量能异动标的。 | [AI定调]: 当前全局实盘胜率已跌至27.8%的冰点，且【战法B：底部起爆】近期实盘胜率为-1...
2026-03-30,301153,中科江南,24.18,2026-04-06,23.86,-1.32,[战法B: 底部起爆]  Alpha得分82.2，RPS+17.47%。作为创业板标的，其弹性极大，底部起爆配合涨停基因，易形成短线爆发力。 | [AI定调]: 当前全局实盘胜率已跌至27.8%的冰点，且【战法B：底部起爆】近期实盘胜率为-1...
2026-03-30,2370,亚太药业,7.18,2026-04-06,7.81,8.77,[战法B: 底部起爆]  Alpha得分77.7，具备涨停基因。低价股属性在流动性退潮期具有一定的博弈性价比，RPS显示其近期强于多数医药股。 | [AI定调]: 当前全局实盘胜率已跌至27.8%的冰点，且【战法B：底部起爆】近期实盘胜率为-1...
2026-03-30,605222,起帆电缆,22.36,2026-04-06,22.37,0.04,[战法B: 底部起爆]  Alpha得分67.5，虽然RPS仅为+8.77%，但其今日涨幅封板坚决，符合底部起爆的量价结构。 | [AI定调]: 当前全局实盘胜率已跌至27.8%的冰点，且【战法B：底部起爆】近期实盘胜率为-1...
2026-03-30,300300,海峡创新,14.2,2026-04-06,13.67,-3.73,[战法B: 底部起爆]  Alpha得分66.0，涨幅11.72%显示出较强的短线动能，RPS处于低位反转初期。 | [AI定调]: 当前全局实盘胜率已跌至27.8%的冰点，且【战法B：底部起爆】近期实盘胜率为-1...
2026-04-01,300149,睿智医药,12.42,2026-04-08,11.67,-6.04,[战法B: 底部起爆]  Alpha得分101.4位居榜首，RPS+29.50%显示短期动能极强，20cm涨停基因激活，属于医疗研发外包风口的绝对龙头。 | [AI定调]: 当前全局胜率已跌至29.9%的冰点区，且大盘有效跌破MA20生命线，这在量化模型...
2026-04-01,301392,汇成真空,127.58,2026-04-08,136.72,7.16,[战法B: 底部起爆]  Alpha得分100.6，具备极强的涨停基因，次新属性叠加半导体设备逻辑，弹性极高。 | [AI定调]: 当前全局胜率已跌至29.9%的冰点区，且大盘有效跌破MA20生命线，这在量化模型...
2026-04-01,301188,力诺药包,20.45,2026-04-08,23.67,15.75,[战法B: 底部起爆]  Alpha得分99.1，RPS+27.60%，20cm封板坚决，量价配合度在医药板块中属于前列。 | [AI定调]: 当前全局胜率已跌至29.9%的冰点区，且大盘有效跌破MA20生命线，这在量化模型...
2026-04-01,300723,一品红,37.19,2026-04-08,37.27,0.22,[战法B: 底部起爆]  Alpha得分97.0，涨幅14.68%，虽然未封板但Alpha因子显示其内部筹码正在快速换手，具备补涨潜力。 | [AI定调]: 当前全局胜率已跌至29.9%的冰点区，且大盘有效跌破MA20生命线，这在量化模型...
2026-04-01,2940,昂利康,34.88,2026-04-08,32.92,-5.62,[战法B: 底部起爆]  Alpha得分92.4，10cm涨停基因，RPS+21.04%，属于板块内的稳健型跟风标的。 | [AI定调]: 当前全局胜率已跌至29.9%的冰点区，且大盘有效跌破MA20生命线，这在量化模型...
2026-04-02,300086,康芝药业,9.9,2026-04-09,8.67,-12.42,[战法B: 底部起爆]  Alpha得分78.5为全场最高，RPS+15.97%显示强度开始脱离底部。20CM的涨停基因在医药避险情绪下极具爆发力，属于典型的底部放量启动。 | [AI定调]: 当前全局胜率已跌至30.7%的冰点，总期望EV为负（-0.70%），这标志着市场...
2026-04-02,950,重药控股,6.49,2026-04-09,6.2,-4.47,[战法B: 底部起爆]  RPS高达+19.07%，在备选池中动量最强。10%的涨停封板坚决，Alpha得分69.5确保了其作为板块龙头的溢价能力。 | [AI定调]: 当前全局胜率已跌至30.7%的冰点，总期望EV为负（-0.70%），这标志着市场...
2026-04-02,78,海王生物,3.61,2026-04-09,3.84,6.37,[战法B: 底部起爆]  Alpha得分69.5，虽涨幅仅4.64%，但正处于底部抬升阶段，止损空间极小，符合当前‘低胜率’环境下的高赔率博弈逻辑。 | [AI定调]: 当前全局胜率已跌至30.7%的冰点，总期望EV为负（-0.70%），这标志着市场...
2026-04-02,300632,光莆股份,14.93,2026-04-09,16.74,12.12,[战法B: 底部起爆]  Alpha得分57.0，RPS+5.55%刚刚转正。底部起爆形态初现，10.67%的涨幅显示出一定的攻击性，属于左侧向右侧转换的临界点。 | [AI定调]: 当前全局胜率已跌至30.7%的冰点，总期望EV为负（-0.70%），这标志着市场...
2026-04-02,600644,乐山电力,12.64,2026-04-09,11.12,-12.03,[战法B: 底部起爆]  Alpha得分49.2，虽然RPS为负（-2.93%），但今日封板标志着空头力量枯竭，属于‘极度超跌’后的暴力修复。 | [AI定调]: 当前全局胜率已跌至30.7%的冰点，总期望EV为负（-0.70%），这标志着市场...
2026-04-03,600056,中国医药,11.59,2026-04-10,10.97,-5.35,[战法B: 底部起爆]  Alpha得分71.9为全场最高，RPS+10.49%显示强度已从底部脱离。具备历史涨停基因，底部放量9.96%属于标准起爆信号，量价配合极佳。 | [AI定调]: 当前全局实盘胜率已跌至28.8%的冰点，远低于35%的防御警戒线。近期【战法A:...
2026-04-03,603966,法兰泰克,13.68,2026-04-10,13.63,-0.37,[战法B: 底部起爆]  Alpha得分69.2，RPS+8.23%处于上升通道初期。今日涨停封板坚决，属于典型的‘平台突破’型底部起爆。 | [AI定调]: 当前全局实盘胜率已跌至28.8%的冰点，远低于35%的防御警戒线。近期【战法A:...
2026-04-03,300608,思特奇,12.9,2026-04-10,12.46,-3.41,[战法B: 底部起爆]  Alpha得分66.8，20CM涨停展现了极强的短线爆发力。RPS+7.41%显示其在创业板中已具备领涨潜质。 | [AI定调]: 当前全局实盘胜率已跌至28.8%的冰点，远低于35%的防御警戒线。近期【战法A:...
2026-04-03,300547,川环科技,36.87,2026-04-10,39.58,7.35,[战法B: 底部起爆]  Alpha得分62.7，虽然涨幅仅4.48%，但属于温和放量的‘潜伏起爆’态势，RPS+4.60%显示其正处于由弱转强的临界点。 | [AI定调]: 当前全局实盘胜率已跌至28.8%的冰点，远低于35%的防御警戒线。近期【战法A:...
2026-04-03,605589,圣泉集团,32.43,2026-04-10,36.51,12.58,[战法B: 底部起爆]  Alpha得分47.9，虽然RPS为负（-4.34%），但今日10.01%的涨停属于‘超跌反弹’类的起爆，具备较强的空头回补动力。 | [AI定调]: 当前全局实盘胜率已跌至28.8%的冰点，远低于35%的防御警戒线。近期【战法A:...
2026-04-06,600600,青岛啤酒,63.11,2026-04-14,61.92,-1.89,[战法H: 缩量双底]  备选池中唯一Alpha得分为正(12.7)的标的。RPS虽然仅为+1.37%，但相对于大盘已表现出极强的抗跌属性。缩量双底形态初现，量比极低，说明场内筹码已进入‘死猪不怕开水烫’的锁仓阶段。 | [AI定调]: 当前全局实盘胜率已跌至28.0%的‘极寒区’，且战法H（缩量双底）的实盘验证胜率...
2026-04-06,603236,移远通信,73.49,2026-04-14,77.95,6.07,[战法H: 缩量双底]  Alpha得分-0.7，勉强接近平衡线。受益于今日通信网络设备风口，RPS-9.16%说明其处于板块跟风地位，缩量回踩前期支撑位，存在技术性抽风反弹的概率。 | [AI定调]: 当前全局实盘胜率已跌至28.0%的‘极寒区’，且战法H（缩量双底）的实盘验证胜率...
2026-04-06,300699,光威复材,33.11,2026-04-14,35.32,6.67,[战法H: 缩量双底]  Alpha得分-7.7，量化评价极差。唯一的逻辑是创业板标的，若市场风格切换至小盘成长，其缩量形态可能引发暴力反抽。目前处于极度缩量的‘窒息状态’。 | [AI定调]: 当前全局实盘胜率已跌至28.0%的‘极寒区’，且战法H（缩量双底）的实盘验证胜率...
2026-04-06,1280,中国铀业,79.46,2026-04-14,81.26,2.27,[战法H: 缩量双底]  Alpha得分-10.4，属于典型的‘被动防守’。作为次新资源股，其波动率极高，缩量双底在此类股上极不稳定，仅靠博弈资源价格波动的溢价。 | [AI定调]: 当前全局实盘胜率已跌至28.0%的‘极寒区’，且战法H（缩量双底）的实盘验证胜率...
2026-04-06,2414,高德红外,12.73,2026-04-14,13.72,7.78,[战法H: 缩量双底]  Alpha得分-10.5，RPS-13.93%，量化数据惨不忍睹。入选唯一理由是价格绝对低位且处于激光/光学元件风口边缘，博弈超跌反弹的‘彩票单’。 | [AI定调]: 当前全局实盘胜率已跌至28.0%的‘极寒区’，且战法H（缩量双底）的实盘验证胜率...
2026-04-07,301630,同宇新材,211.92,2026-04-14,225.29,6.31,[战法B: 底部起爆]  Alpha得分101.1封顶，RPS+18.61%显示极强的相对强度。20CM涨停基因激活，属于底部放量突破的绝对核心，量化赔率极高。 | [AI定调]: 当前全局实盘胜率已跌至30.4%的冰点，总期望收益-0.86%，这标志着系统已进...
2026-04-07,600654,中安科,4.0,2026-04-14,4.52,13.0,[战法B: 底部起爆]  Alpha得分83.1，RPS+18.35%。低价股属性在弱势市场具备天然的避险与投机吸引力，底部首板确认了资金回流。 | [AI定调]: 当前全局实盘胜率已跌至30.4%的冰点，总期望收益-0.86%，这标志着系统已进...
2026-04-07,603348,文灿股份,21.47,2026-04-14,20.51,-4.47,[战法B: 底部起爆]  Alpha得分80.9，RPS+16.17%。底部放量封板，OBV虽未知但价格行为已先行，属于标准的超跌反弹起爆点。 | [AI定调]: 当前全局实盘胜率已跌至30.4%的冰点，总期望收益-0.86%，这标志着系统已进...
2026-04-07,919,金陵药业,8.1,2026-04-14,7.51,-7.28,[战法B: 底部起爆]  Alpha得分78.2，涨停基因触发。在极其危险的大盘环境下，医药股的防御属性被量化因子捕捉。 | [AI定调]: 当前全局实盘胜率已跌至30.4%的冰点，总期望收益-0.86%，这标志着系统已进...
2026-04-07,2792,通宇通讯,47.53,2026-04-14,48.02,1.03,[战法B: 底部起爆]  Alpha得分82.9，RPS+15.55%。虽然涨幅仅4.83%未封板，但其量价结构处于起爆临界点。 | [AI定调]: 当前全局实盘胜率已跌至30.4%的冰点，总期望收益-0.86%，这标志着系统已进...
2026-04-08,300571,平治信息,36.61,2026-04-15,34.84,-4.83,[战法B: 底部起爆]  Alpha得分78.4为全池最高，RPS强度+15.27%显示出极强的底部反转动能，20CM涨停基因具备极强的溢价吸引力。 | [AI定调]: 当前全局实盘胜率仅为33.7%，处于典型的‘赚了指数不赚钱’的撕裂期。近期战法A...
2026-04-08,301099,雅创电子,50.19,2026-04-15,52.39,4.38,[战法B: 底部起爆]  Alpha得分77.9，RPS+16.45%在备选池中表现最稳健，属于典型的量价齐升型起爆。 | [AI定调]: 当前全局实盘胜率仅为33.7%，处于典型的‘赚了指数不赚钱’的撕裂期。近期战法A...
2026-04-08,300686,智动力,17.76,2026-04-15,18.81,5.91,[战法B: 底部起爆]  Alpha得分77.3，涨幅18.01%展现了极强的股性弹性，符合‘底部起爆’的暴力美学。 | [AI定调]: 当前全局实盘胜率仅为33.7%，处于典型的‘赚了指数不赚钱’的撕裂期。近期战法A...
2026-04-08,2975,博杰股份,79.0,2026-04-15,86.92,10.03,[战法B: 底部起爆]  Alpha得分70.8，虽然得分稍低，但10%的稳健封板显示了主力资金的控盘力度。 | [AI定调]: 当前全局实盘胜率仅为33.7%，处于典型的‘赚了指数不赚钱’的撕裂期。近期战法A...
2026-04-08,603890,春秋电子,15.61,2026-04-15,18.71,19.86,[战法B: 底部起爆]  Alpha得分70.1，RPS+8.87%，属于典型的低位超跌反弹结构。 | [AI定调]: 当前全局实盘胜率仅为33.7%，处于典型的‘赚了指数不赚钱’的撕裂期。近期战法A...
2026-04-08,301099,雅创电子,50.19,2026-04-15,52.39,4.38,[战法B: 底部起爆]  Alpha得分73.2全场最高，RPS相对强度开始转正（+13.35%），具备极强的涨停基因。Bias仅+6.5%，处于底部起爆的安全垫范围内，数学期望值最高。 | [AI定调]: 当前全局实盘胜率仅为32.8%，处于极度危险的‘量化冰点期’。红黑榜对比显示，战...
2026-04-08,300571,平治信息,36.61,2026-04-15,34.84,-4.83,[战法B: 底部起爆]  Alpha得分71.6，RPS+12.16%，属于典型的底部放量突破结构。战法B在该股历史回测中胜率极高。 | [AI定调]: 当前全局实盘胜率仅为32.8%，处于极度危险的‘量化冰点期’。红黑榜对比显示，战...
2026-04-08,2975,博杰股份,79.0,2026-04-15,86.92,10.03,[战法B: 底部起爆]  Alpha得分66.1，股价处于长期横盘后的放量初级阶段，Bias+9.3%尚在可控范围。 | [AI定调]: 当前全局实盘胜率仅为32.8%，处于极度危险的‘量化冰点期’。红黑榜对比显示，战...
2026-04-08,603890,春秋电子,15.61,2026-04-15,18.71,19.86,[战法B: 底部起爆]  Alpha得分65.4，具备涨停基因，属于消费电子板块的低位补涨标的。 | [AI定调]: 当前全局实盘胜率仅为32.8%，处于极度危险的‘量化冰点期’。红黑榜对比显示，战...
2026-04-08,2685,华东重机,7.71,2026-04-15,8.08,4.8,[战法B: 底部起爆]  Alpha得分64.6，低价股属性，容易吸引游资短线点火，具备极高的赔率空间。 | [AI定调]: 当前全局实盘胜率仅为32.8%，处于极度危险的‘量化冰点期’。红黑榜对比显示，战...
2026-04-09,600337,美克家居,2.86,2026-04-16,3.45,20.63,[战法B: 底部起爆]  Alpha得分80.9领跑全场。RPS(+17.09%)显示强度正在快速脱离底部。具备极强的涨停基因，是典型的低价、低位、高爆发量化模型标的。 | [AI定调]: 目前全局实盘胜率仅为34.9%，处于量化模型的‘极寒警戒区’。近期‘趋势低吸’与...
2026-04-09,2708,光洋股份,13.49,2026-04-16,13.78,2.15,[战法B: 底部起爆]  Alpha得分59.3，Bias+11.0%处于起爆临界点。RPS虽低，但符合底部反转的量化特征。 | [AI定调]: 目前全局实盘胜率仅为34.9%，处于量化模型的‘极寒警戒区’。近期‘趋势低吸’与...
2026-04-09,2824,和胜股份,22.97,2026-04-16,28.78,25.29,[战法B: 底部起爆]  Alpha得分57.8，RPS(+15.39%)显示资金介入深度较强，具备二次主升的潜力。 | [AI定调]: 目前全局实盘胜率仅为34.9%，处于量化模型的‘极寒警戒区’。近期‘趋势低吸’与...
2026-04-09,600629,华建集团,22.18,2026-04-16,21.08,-4.96,[战法B: 底部起爆]  Alpha得分56.2，Bias+7.3%非常健康，属于刚从地库爬出来的标的。 | [AI定调]: 目前全局实盘胜率仅为34.9%，处于量化模型的‘极寒警戒区’。近期‘趋势低吸’与...
2026-04-09,601069,西部黄金,35.43,2026-04-16,33.94,-4.21,[战法B: 底部起爆]  Alpha得分54.8，虽然得分靠后，但其高单价属性在流动性充裕时具备溢价空间。 | [AI定调]: 目前全局实盘胜率仅为34.9%，处于量化模型的‘极寒警戒区’。近期‘趋势低吸’与...
2026-04-09,2708,光洋股份,13.49,2026-04-16,13.78,2.15,[战法B: 底部起爆]  Alpha得分38.2全场最高，成功突破半年线关键压力位，具备极强的底部反转动能。 | [AI定调]: 当前全局胜率仅34.1%，总期望收益-0.33%，这标志着市场进入了极端的‘结构...
2026-04-09,601069,西部黄金,35.43,2026-04-16,33.94,-4.21,[战法B: 底部起爆]  Alpha得分33.7，业绩出现爆发式增长，一季度预增最高达22倍，属于典型的‘基本面起爆’。 | [AI定调]: 当前全局胜率仅34.1%，总期望收益-0.33%，这标志着市场进入了极端的‘结构...
2026-04-09,300681,英搏尔,24.8,2026-04-16,27.52,10.97,[战法B: 底部起爆]  Alpha得分31.6，融资客控盘比例超一成，说明杠杆资金深度介入，具备高弹性特征。 | [AI定调]: 当前全局胜率仅34.1%，总期望收益-0.33%，这标志着市场进入了极端的‘结构...
2026-04-09,810,创维数字,11.98,2026-04-16,11.93,-0.42,[战法B: 底部起爆]  Alpha得分29.6，RPS相对强度开始转正，海外储能业务布局提供估值想象空间。 | [AI定调]: 当前全局胜率仅34.1%，总期望收益-0.33%，这标志着市场进入了极端的‘结构...
2026-04-09,300443,金雷股份,29.51,2026-04-16,29.93,1.42,[战法B: 底部起爆]  Alpha得分21.0，乖离率为-1.6%，是池中唯一处于‘绝对安全区’的标的，回踩半年线支撑扎实。 | [AI定调]: 当前全局胜率仅34.1%，总期望收益-0.33%，这标志着市场进入了极端的‘结构...
2026-04-10,2636,金安国纪,35.93,2026-04-17,38.9,8.27,[战法E: 龙头断板]  Alpha得分70.6为全池最高，具备极强的涨停基因，RPS相对强度领先。 | [AI定调]: 当前全局实盘胜率已跌至34.2%的冰点警戒线，战法E（龙头断板）实盘验证胜率为惊...
2026-04-10,605178,时空科技,76.9,2026-04-17,86.85,12.94,[战法E: 龙头断板]  Alpha得分63.5，乖离率11.9%在备选池中最低，安全边际相对较高。 | [AI定调]: 当前全局实盘胜率已跌至34.2%的冰点警戒线，战法E（龙头断板）实盘验证胜率为惊...
2026-04-10,2025,航天电器,76.23,2026-04-17,79.76,4.63,[战法E: 龙头断板]  Alpha得分59.6，龙虎榜显示近期获1.8亿元资金抢筹，主力筹码尚未出尽。 | [AI定调]: 当前全局实盘胜率已跌至34.2%的冰点警戒线，战法E（龙头断板）实盘验证胜率为惊...
2026-04-10,603958,哈森股份,22.68,2026-04-17,25.43,12.13,[战法E: 龙头断板]  Alpha得分55.9，龙虎榜净买入超亿元，游资活跃度极高。 | [AI定调]: 当前全局实盘胜率已跌至34.2%的冰点警戒线，战法E（龙头断板）实盘验证胜率为惊...
2026-04-10,603507,振江股份,47.24,2026-04-17,45.07,-4.59,[战法E: 龙头断板]  Alpha得分51.4，虽然排名靠后，但其燃气轮机业务具备稀缺性。 | [AI定调]: 当前全局实盘胜率已跌至34.2%的冰点警戒线，战法E（龙头断板）实盘验证胜率为惊...
2026-04-14,2134,天津普林,23.08,2026-04-21,23.15,0.3,[战法B: 底部起爆]  一季度净利暴增2187%，典型的业绩驱动型底部起爆，RPS强度开始抬头。 | [AI定调]: 当前全局胜率仅35.7%，处于典型的‘赚了指数不赚钱’的流动性陷阱期。近期战法A...
2026-04-14,603032,德新科技,19.86,2026-04-21,22.73,14.45,[战法B: 底部起爆]  一季度扭亏为盈，锂电行业景气度回升，Alpha得分33.2，量价结构健康。 | [AI定调]: 当前全局胜率仅35.7%，处于典型的‘赚了指数不赚钱’的流动性陷阱期。近期战法A...
2026-04-14,2326,永太科技,25.05,2026-04-21,24.82,-0.92,[战法B: 底部起爆]  钠离子电池概念+液态双氟磺酰亚胺锂产能投产，底部放量迹象明显。 | [AI定调]: 当前全局胜率仅35.7%，处于典型的‘赚了指数不赚钱’的流动性陷阱期。近期战法A...
2026-04-14,2046,国机精工,48.95,2026-04-21,53.27,8.83,[战法B: 底部起爆]  Alpha得分45.9为全池最高，具备极强的涨停基因与量化动能。 | [AI定调]: 当前全局胜率仅35.7%，处于典型的‘赚了指数不赚钱’的流动性陷阱期。近期战法A...
2026-04-14,2582,好想你,12.55,2026-04-21,12.84,2.31,[战法B: 底部起爆]  RPS强度10.48%为池内最高，说明近期相对大盘极强，筹码锁定度高。 | [AI定调]: 当前全局胜率仅35.7%，处于典型的‘赚了指数不赚钱’的流动性陷阱期。近期战法A...
2026-04-15,600396,华电辽能,8.05,2026-04-22,8.94,11.06,[战法E: 龙头断板]  Alpha得分137.0居首，RPS高达71.28%，具备极强的涨停基因与游资认可度。断板后乖离率8.4%处于可控范围，龙虎榜数据显示主力资金尚未大规模撤离。 | [AI定调]: 当前全局胜率仅为35.4%，处于极度危险的‘冰点期’。近期战法A（趋势低吸）与战...
2026-04-15,301629,矽电股份,282.23,2026-04-22,345.0,22.24,[战法E: 龙头断板]  Alpha得分91.9，创业板高换手标的，两融余额大幅增加显示杠杆资金正在深度介入，筹码换手充分，具备反包潜力。 | [AI定调]: 当前全局胜率仅为35.4%，处于极度危险的‘冰点期’。近期战法A（趋势低吸）与战...
2026-04-15,301377,鼎泰高科,217.3,2026-04-22,236.69,8.92,[战法E: 龙头断板]  Alpha得分71.0，收盘价创历史新高，融资客大手笔加仓，属于典型的‘强者恒强’逻辑。 | [AI定调]: 当前全局胜率仅为35.4%，处于极度危险的‘冰点期’。近期战法A（趋势低吸）与战...
2026-04-15,603026,石大胜华,98.65,2026-04-22,104.84,6.27,[战法E: 龙头断板]  Alpha得分63.4，一季度业绩预增且同比扭亏，基本面出现重大拐点，龙虎榜显示机构介入。 | [AI定调]: 当前全局胜率仅为35.4%，处于极度危险的‘冰点期’。近期战法A（趋势低吸）与战...
2026-04-15,2484,江海股份,33.99,2026-04-22,34.88,2.62,[战法E: 龙头断板]  Alpha得分54.0，具备涨停基因，拟高比例派现，分红逻辑对中线资金有吸引力。 | [AI定调]: 当前全局胜率仅为35.4%，处于极度危险的‘冰点期’。近期战法A（趋势低吸）与战...
2026-04-16,300245,天玑科技,14.42,2026-04-23,12.44,-13.73,[战法D: 均线粘合]  Alpha得分50.4全场最高，成功站上半年线，属于典型的中线走稳标的，具备补涨潜力。 | [AI定调]: 当前全局胜率仅35.9%，处于极度艰难的‘冰点期’。战法D（均线粘合）虽然理论E...
2026-04-16,600602,云赛智联,24.63,2026-04-23,22.82,-7.35,[战法D: 均线粘合]  具涨停基因，Alpha得分49.4，龙虎榜显示游资活跃度高，属于算力板块的人气标的。 | [AI定调]: 当前全局胜率仅35.9%，处于极度艰难的‘冰点期’。战法D（均线粘合）虽然理论E...
2026-04-16,2797,第一创业,8.0,2026-04-23,7.79,-2.62,[战法D: 均线粘合]  券商板块中线走稳，站上半年线，Alpha得分45.9，具备极强的股性爆发力。 | [AI定调]: 当前全局胜率仅35.9%，处于极度艰难的‘冰点期’。战法D（均线粘合）虽然理论E...
2026-04-16,300364,中文在线,28.41,2026-04-23,30.43,7.11,[战法D: 均线粘合]  智谱AI概念核心品种，杠杆资金连续加仓，Alpha得分44.4，具备右侧放量基因。 | [AI定调]: 当前全局胜率仅35.9%，处于极度艰难的‘冰点期’。战法D（均线粘合）虽然理论E...
2026-04-17,2850,科达利,198.16,2026-04-24,208.26,5.1,[战法E: 龙头断板]  Alpha得分99.3全场最高，具备极强的涨停基因。海外项目（美国、瑞典）推进提供了中长期基本面背书，属于有逻辑支撑的断板。 | [AI定调]: 当前全局胜率仅36.6%，处于风控红线边缘。近期‘趋势低吸’与‘N字反包’遭遇-...
2026-04-17,603687,大胜达,19.25,2026-04-24,16.7,-13.25,[战法E: 龙头断板]  RPS相对强度高达58.18%，龙虎榜显示游资高度活跃，具备典型的短线博弈价值。 | [AI定调]: 当前全局胜率仅36.6%，处于风控红线边缘。近期‘趋势低吸’与‘N字反包’遭遇-...
2026-04-17,1203,大中矿业,46.52,2026-04-24,47.41,1.91,[战法E: 龙头断板]  Alpha得分85.9，RPS强度40.97%，湖南项目开发建设提供未来增量预期。 | [AI定调]: 当前全局胜率仅36.6%，处于风控红线边缘。近期‘趋势低吸’与‘N字反包’遭遇-...
2026-04-17,603906,龙蟠科技,25.99,2026-04-24,32.56,25.28,[战法E: 龙头断板]  一季度净利预增871%-1063%，业绩弹性极度惊人，属于硬核基本面驱动。 | [AI定调]: 当前全局胜率仅36.6%，处于风控红线边缘。近期‘趋势低吸’与‘N字反包’遭遇-...
2026-04-17,600666,奥瑞德,7.09,2026-04-24,5.99,-15.51,[战法E: 龙头断板]  Alpha得分74.9，龙虎榜频繁上榜，属于纯粹的情绪妖股断板博弈。 | [AI定调]: 当前全局胜率仅36.6%，处于风控红线边缘。近期‘趋势低吸’与‘N字反包’遭遇-...
2026-04-20,603118,共进股份,14.85,2026-04-27,14.73,-0.81,[战法E: 龙头断板]  Alpha得分60.9位列榜首，RPS强度开始抬头。断板位置处于突破五日线后的回踩，属于低位断板，安全边际极高。 | [AI定调]: 当前全局胜率仅为37.4%，处于极度危险的‘冰点期’。近期【趋势低吸】与【N字反...
2026-04-20,936,华西股份,8.34,2026-04-27,8.14,-2.4,[战法E: 龙头断板]  Alpha得分53.6，成功突破半年线关键压力位，属于‘中线走稳’后的断板洗盘，筹码结构优于高位股。 | [AI定调]: 当前全局胜率仅为37.4%，处于极度危险的‘冰点期’。近期【趋势低吸】与【N字反...
2026-04-20,2628,成都路桥,5.7,2026-04-27,5.62,-1.4,[战法E: 龙头断板]  Alpha得分50.7，具备极强的历史涨停基因。断板首日缩量明显，符合‘缩量企稳’的量化过滤条件。 | [AI定调]: 当前全局胜率仅为37.4%，处于极度危险的‘冰点期’。近期【趋势低吸】与【N字反...
2026-04-20,603031,安孚科技,54.87,2026-04-27,57.41,4.63,[战法E: 龙头断板]  Alpha得分47.5，Bias仅10.0%，是备选池中乖离率最低、最稳健的标的。业绩稳健增长提供基本面背书。 | [AI定调]: 当前全局胜率仅为37.4%，处于极度危险的‘冰点期’。近期【趋势低吸】与【N字反...
2026-04-20,603203,快克智能,46.23,2026-04-27,48.25,4.37,[战法E: 龙头断板]  Alpha得分55.7，虽然排名靠前，但量化指标显示其正处于情绪极值点。 | [AI定调]: 当前全局胜率仅为37.4%，处于极度危险的‘冰点期’。近期【趋势低吸】与【N字反...
2026-04-21,605299,舒华体育,21.04,2026-04-28,21.67,2.99,[战法E: 龙头断板]  Alpha得分98.2居首，乖离率仅+5.9%，处于断板后的黄金安全边际内。龙虎榜显示游资深度介入，具备极强的反包基因。 | [AI定调]: 当前全局胜率仅为39.1%，处于‘低胜率、高波动’的危险窗口。虽然两市成交额突破...
2026-04-21,605162,新中港,13.86,2026-04-28,11.52,-16.88,[战法E: 龙头断板]  Alpha得分77.4，乖离率+7.5%符合风控要求。近期频繁上榜，显示活跃资金在反复博弈，断板后回踩MA5迹象明显。 | [AI定调]: 当前全局胜率仅为39.1%，处于‘低胜率、高波动’的危险窗口。虽然两市成交额突破...
2026-04-21,600601,方正科技,11.46,2026-04-28,11.6,1.22,[战法E: 龙头断板]  Alpha得分68.4，成功突破半年线，技术面实现‘平台跃迁’。大宗交易活跃，显示有大资金在进行筹码交换。 | [AI定调]: 当前全局胜率仅为39.1%，处于‘低胜率、高波动’的危险窗口。虽然两市成交额突破...
2026-04-21,949,新乡化纤,8.01,2026-04-28,7.79,-2.75,[战法E: 龙头断板]  Alpha得分67.8，短线走稳站上五日线。虽然属于断板标的，但筹码结构在8元附近有明显支撑。 | [AI定调]: 当前全局胜率仅为39.1%，处于‘低胜率、高波动’的危险窗口。虽然两市成交额突破...
2026-04-21,600872,中炬高新,21.73,2026-04-28,20.82,-4.19,[战法E: 龙头断板]  Alpha得分66.0，一季度净利增长45%提供基本面支撑，断板位置处于前期压力位附近。 | [AI定调]: 当前全局胜率仅为39.1%，处于‘低胜率、高波动’的危险窗口。虽然两市成交额突破...
2026-04-22,300461,田中精机,63.99,2026-04-29,53.0,-17.17,[战法E: 龙头断板]  Alpha得分87.8位居榜首，Bias仅为+3.7%，属于极度安全的低位断板。具备涨停基因，RPS强度43.36%，量价结构显示洗盘充分。 | [AI定调]: 当前全局胜率仅为39.5%，处于系统性防守区间。近期战法A与战法F遭遇超过18%...
2026-04-22,600699,均胜电子,29.18,2026-04-29,28.47,-2.43,[战法E: 龙头断板]  Alpha得分69.1，Bias为+12.7%处于安全阈值内。主力资金大举流入，EDR与英伟达概念双重加持，RPS走势稳健。 | [AI定调]: 当前全局胜率仅为39.5%，处于系统性防守区间。近期战法A与战法F遭遇超过18%...
2026-04-22,603286,日盈电子,68.74,2026-04-29,60.54,-11.93,[战法E: 龙头断板]  Alpha得分65.1，Bias +12.7%符合要求。主力资金连续5日净流入，突破半年线后回踩确认，属于中线走稳品种。 | [AI定调]: 当前全局胜率仅为39.5%，处于系统性防守区间。近期战法A与战法F遭遇超过18%...
2026-04-22,300758,七彩化学,15.6,2026-04-29,13.69,-12.24,[战法E: 龙头断板]  Alpha得分50.4，Bias +12.4%尚可。具备涨停基因，处于钠电池及钙钛矿风口，技术面回踩MA5支撑。 | [AI定调]: 当前全局胜率仅为39.5%，处于系统性防守区间。近期战法A与战法F遭遇超过18%...
2026-04-23,600126,杭钢股份,10.43,,,,[战法E: 龙头断板]  Alpha得分61.5全场最高，具涨停基因。断板首日伴随游资深度介入（龙虎榜确认），40亿理财显示现金流充沛，具备反包底气。 | [AI定调]: 当前全局胜率仅为38.5%，处于极度危险的‘低胜率周期’。近期战法A与F遭遇近2...
2026-04-23,605376,博迁新材,115.2,,,,[战法E: 龙头断板]  Alpha得分57.3，乖离率11.0%处于安全博弈区间。2025年度净利润大增150%，基本面支撑强劲。 | [AI定调]: 当前全局胜率仅为38.5%，处于极度危险的‘低胜率周期’。近期战法A与F遭遇近2...
2026-04-23,2588,史丹利,11.81,,,,[战法E: 龙头断板]  Alpha得分55.0，一季报净利3.42亿表现亮眼。乖离率11.1%符合量化风控要求，RPS强度尚可。 | [AI定调]: 当前全局胜率仅为38.5%，处于极度危险的‘低胜率周期’。近期战法A与F遭遇近2...
2026-04-23,603496,恒为科技,31.86,,,,[战法E: 龙头断板]  乖离率10.1%为池内最低，安全性最高。技术面突破半年线，属于低位断板修复模型。 | [AI定调]: 当前全局胜率仅为38.5%，处于极度危险的‘低胜率周期’。近期战法A与F遭遇近2...
2026-04-24,603198,迎驾贡酒,39.85,,,,[战法E: 龙头断板]  Alpha得分74.2居首，分红率60.43%展现极强现金流支撑，断板位置处于放量后的良性分歧。 | [AI定调]: 当前市场呈现典型的‘巨量虚假繁荣’特征，两市成交额突破2.6万亿，但全局实盘胜率...
2026-04-24,3022,联泓新科,24.65,,,,[战法E: 龙头断板]  一季报净利大增102.67%，属于硬核业绩驱动，RPS强度开始抬头。 | [AI定调]: 当前市场呈现典型的‘巨量虚假繁荣’特征，两市成交额突破2.6万亿，但全局实盘胜率...
2026-04-24,1314,亿道信息,48.46,,,,[战法E: 龙头断板]  2025年报净利增91.76%，具备涨停基因，属于典型的超跌后业绩修复反弹。 | [AI定调]: 当前市场呈现典型的‘巨量虚假繁荣’特征，两市成交额突破2.6万亿，但全局实盘胜率...
2026-04-24,300558,贝达药业,49.41,,,,[战法E: 龙头断板]  乖离率9.9%为全池最低，安全性相对最高。一季报净利增长135.71%具备极强爆发力。 | [AI定调]: 当前市场呈现典型的‘巨量虚假繁荣’特征，两市成交额突破2.6万亿，但全局实盘胜率...
2026-04-27,2406,远东传动,8.44,,,,[战法E: 龙头断板]  Alpha得分57.8，Bias 12.2%处于安全边际内，一季度业绩增长58.5%具备基本面支撑，且具备涨停基因，属于池中唯一具备博弈价值的品种。 | [AI定调]: 当前全局胜率38.5%已跌破40%生死线，近期战法A与战法F连续遭遇-21%和-...
2026-04-27,301307,美利信,46.61,,,,[战法E: 龙头断板]  Alpha得分58.2，Bias 12.1%为池中最低，具备极强的超跌反弹基因。 | [AI定调]: 当前全局胜率38.5%已跌破40%生死线，近期战法A与战法F连续遭遇-21%和-...
2026-04-27,300339,润和软件,46.74,,,,[战法E: 龙头断板]  Alpha得分43.1，RPS强度尚可，属于老牌人气股，具备一定的流动性溢价。 | [AI定调]: 当前全局胜率38.5%已跌破40%生死线，近期战法A与战法F连续遭遇-21%和-...
2026-04-27,600499,科达制造,20.29,,,,[战法E: 龙头断板]  Alpha得分43.3，一季度业绩增长69.10%表现亮眼。 | [AI定调]: 当前全局胜率38.5%已跌破40%生死线，近期战法A与战法F连续遭遇-21%和-...
2026-04-27,603390,通达电气,14.28,,,,[战法E: 龙头断板]  Alpha得分49.8，具备极强的涨停基因，龙虎榜显示游资深度介入。 | [AI定调]: 当前全局胜率38.5%已跌破40%生死线，近期战法A与战法F连续遭遇-21%和-...
2026-04-28,2181,粤 传 媒,14.42,,,,[战法E: 龙头断板]  Alpha得分61.5，RPS相对强度19.67%。股价突破五日线后断板，分时结构尚完整，未出现恶性踩踏。 | [AI定调]: 当前两市成交额突破2.5万亿，但全局胜率仅为38.1%，这标志着市场进入了典型的...
2026-04-28,300042,朗科科技,51.94,,,,[战法E: 龙头断板]  Alpha得分60.0，具强涨停基因。尾盘曾封板后断开，属于典型的高位分歧标的，具备极高的赔率性价比。 | [AI定调]: 当前两市成交额突破2.5万亿，但全局胜率仅为38.1%，这标志着市场进入了典型的...
2026-04-29,000967,盈峰环境,14.11,,,,[战法E: 龙头断板]  Alpha得分93.9，具备极强涨停基因，RPS高达60.26%，属于绝对的战法核心标的。 | [AI定调]: 当前全局胜率仅为38.2%，处于极度危险的‘低胜率、高波动’区间。近期战法A与战...
2026-04-29,603283,赛腾股份,53.8,,,,[战法E: 龙头断板]  Alpha得分73.9，Bias为+11.2%，处于安全阈值内，是备选池中唯一符合乖离率要求的标的。 | [AI定调]: 当前全局胜率仅为38.2%，处于极度危险的‘低胜率、高波动’区间。近期战法A与战...
2026-04-29,300243,瑞丰高材,18.59,,,,[战法E: 龙头断板]  Alpha得分64.6，磷化工概念近期活跃，主力资金净流入超亿元。 | [AI定调]: 当前全局胜率仅为38.2%，处于极度危险的‘低胜率、高波动’区间。近期战法A与战...
2026-04-29,300586,美联新材,11.99,,,,[战法E: 龙头断板]  Alpha得分52.7，短线站上五日均线，具备技术面修复预期。 | [AI定调]: 当前全局胜率仅为38.2%，处于极度危险的‘低胜率、高波动’区间。近期战法A与战...
2026-04-29,603338,浙江鼎力,58.0,,,,[战法E: 龙头断板]  Alpha得分49.9，Bias为+14.8%，贴近15%生死线，中线走势稳健。 | [AI定调]: 当前全局胜率仅为38.2%，处于极度危险的‘低胜率、高波动’区间。近期战法A与战...
